{
    "batch_1": {
        "total_time": 29.46447237332662,
        "avg_latency": 0.030137239317099256,
        "p95_latency": 0.03436487913131714,
        "throughput": 1086.8704873246795,
        "time_per_image": 0.9207647616664568,
        "cpu_percent": 21.400000000000002,
        "memory_percent": 3.4
    },
    "batch_4": {
        "total_time": 72.78814506530762,
        "avg_latency": 0.10863121489187082,
        "p95_latency": 0.12305644750595092,
        "throughput": 1758.6292867666077,
        "time_per_image": 0.5686573833227158,
        "cpu_percent": 24.76666666666667,
        "memory_percent": 3.4
    }
}