{
    "batch_1_concurrent_1": {
        "total_time": 0.2375655174255371,
        "avg_latency": 0.22027508417765299,
        "p95_latency": 0.22027508417765299,
        "throughput": 12.387307217549184,
        "cpu_percent": 7.066666666666667,
        "memory_percent": 26.399999999999995
    },
    "batch_1_concurrent_2": {
        "total_time": 0.08715128898620605,
        "avg_latency": 0.04654562473297119,
        "p95_latency": 0.05440689325332642,
        "throughput": 22.956559518876798,
        "cpu_percent": 4.5,
        "memory_percent": 26.399999999999995
    },
    "batch_1_concurrent_4": {
        "total_time": 0.15223240852355957,
        "avg_latency": 0.06325763463973999,
        "p95_latency": 0.08719223340352376,
        "throughput": 26.279039118955506,
        "cpu_percent": 4.633333333333334,
        "memory_percent": 26.433333333333334
    },
    "batch_1_concurrent_8": {
        "total_time": 0.2829536596934001,
        "avg_latency": 0.09575262665748596,
        "p95_latency": 0.1492604970932007,
        "throughput": 28.274434374574934,
        "cpu_percent": 4.8999999999999995,
        "memory_percent": 26.53333333333333
    },
    "batch_1_concurrent_16": {
        "total_time": 0.5473002592722574,
        "avg_latency": 0.16907175878683725,
        "p95_latency": 0.2862626115481059,
        "throughput": 29.23590600518084,
        "cpu_percent": 5.766666666666666,
        "memory_percent": 26.733333333333334
    },
    "batch_1_concurrent_32": {
        "total_time": 1.0737672646840413,
        "avg_latency": 0.30860761801401776,
        "p95_latency": 0.5452224771181743,
        "throughput": 29.802598570725554,
        "cpu_percent": 6.133333333333333,
        "memory_percent": 27.266666666666666
    },
    "batch_1_concurrent_64": {
        "total_time": 2.1169469356536865,
        "avg_latency": 0.6000272519886494,
        "p95_latency": 1.0980768958727518,
        "throughput": 30.232221113529665,
        "cpu_percent": 6.8,
        "memory_percent": 28.333333333333332
    }
}