{
    "batch_1_fp32": {
        "total_time": 30.10332218805949,
        "avg_latency": 0.030211725498239198,
        "p95_latency": 0.034675900141398104,
        "throughput": 1063.3041124347862,
        "time_per_image": 0.9407288183768591,
        "cpu_percent": 20.066666666666666,
        "memory_percent": 3.7000000000000006
    }
}