{
    "batch_1_concurrent_1": {
        "total_time": 2.7472577889760337,
        "avg_latency": 2.7287180423736572,
        "p95_latency": 2.7287180423736572,
        "throughput": 14.431335148202365,
        "cpu_percent": 6.733333333333333,
        "memory_percent": 15.300000000000002
    },
    "batch_1_concurrent_2": {
        "total_time": 0.06290570894877116,
        "avg_latency": 0.026308536529541016,
        "p95_latency": 0.027381992340087893,
        "throughput": 31.7941949350702,
        "cpu_percent": 5.2,
        "memory_percent": 15.466666666666667
    },
    "batch_1_concurrent_4": {
        "total_time": 0.10355051358540852,
        "avg_latency": 0.030220508575439453,
        "p95_latency": 0.03552417755126953,
        "throughput": 38.63725230796836,
        "cpu_percent": 4.8,
        "memory_percent": 15.699999999999998
    },
    "batch_1_concurrent_8": {
        "total_time": 0.18633564313252768,
        "avg_latency": 0.040580193201700844,
        "p95_latency": 0.0542683998743693,
        "throughput": 42.93799812009676,
        "cpu_percent": 5.266666666666667,
        "memory_percent": 16.133333333333336
    },
    "batch_1_concurrent_16": {
        "total_time": 0.35028497378031415,
        "avg_latency": 0.06080745657285055,
        "p95_latency": 0.08995505174001057,
        "throughput": 45.67953992494199,
        "cpu_percent": 5.666666666666667,
        "memory_percent": 17.0
    },
    "batch_1_concurrent_32": {
        "total_time": 0.6771121819814047,
        "avg_latency": 0.10445723682641983,
        "p95_latency": 0.16569419304529825,
        "throughput": 47.25967175716543,
        "cpu_percent": 6.633333333333333,
        "memory_percent": 18.400000000000002
    },
    "batch_1_concurrent_64": {
        "total_time": 1.3346681594848633,
        "avg_latency": 0.1948846106727918,
        "p95_latency": 0.3333252946535746,
        "throughput": 47.95199486151379,
        "cpu_percent": 7.6000000000000005,
        "memory_percent": 20.333333333333332
    }
}